patient_id,split
odir_0,train
odir_1,val
odir_2,train
odir_3,train
odir_4,train
odir_5,val
odir_7,train
odir_8,train
odir_9,test
odir_10,train
odir_11,train
odir_13,train
odir_14,test
odir_15,test
odir_16,train
odir_17,train
odir_18,train
odir_19,train
odir_21,train
odir_22,test
odir_23,test
odir_24,val
odir_25,train
odir_26,val
odir_27,train
odir_28,train
odir_29,test
odir_31,val
odir_32,train
odir_33,train
odir_34,train
odir_35,train
odir_37,test
odir_38,train
odir_39,train
odir_40,train
odir_41,train
odir_42,train
odir_43,train
odir_44,train
odir_45,train
odir_46,train
odir_47,train
odir_48,train
odir_49,train
odir_50,train
odir_51,train
odir_52,train
odir_53,test
odir_54,train
odir_55,train
odir_56,train
odir_58,train
odir_59,train
odir_60,val
odir_70,train
odir_71,train
odir_72,train
odir_73,test
odir_74,train
odir_75,train
odir_77,train
odir_78,train
odir_79,train
odir_81,train
odir_82,val
odir_83,val
odir_84,train
odir_85,train
odir_86,val
odir_87,train
odir_88,train
odir_89,train
odir_90,train
odir_91,val
odir_92,train
odir_93,train
odir_94,train
odir_95,train
odir_96,train
odir_97,val
odir_98,val
odir_99,train
odir_100,train
odir_101,val
odir_102,val
odir_103,test
odir_105,test
odir_106,train
odir_107,val
odir_108,train
odir_110,val
odir_111,train
odir_112,train
odir_113,val
odir_114,train
odir_115,train
odir_116,train
odir_117,val
odir_118,val
odir_119,train
odir_120,train
odir_121,train
odir_122,train
odir_123,train
odir_124,train
odir_125,train
odir_126,train
odir_127,train
odir_128,val
odir_129,train
odir_130,train
odir_132,train
odir_133,train
odir_134,test
odir_135,val
odir_136,train
odir_137,train
odir_138,test
odir_139,train
odir_140,test
odir_141,val
odir_142,train
odir_143,test
odir_144,train
odir_145,val
odir_146,val
odir_147,train
odir_148,val
odir_149,train
odir_150,train
odir_151,train
odir_152,val
odir_153,test
odir_154,test
odir_155,train
odir_156,train
odir_157,train
odir_158,train
odir_159,val
odir_160,val
odir_161,train
odir_162,val
odir_163,train
odir_164,train
odir_165,train
odir_166,train
odir_167,train
odir_168,train
odir_169,val
odir_170,train
odir_172,train
odir_173,val
odir_174,train
odir_175,train
odir_176,test
odir_178,train
odir_179,train
odir_180,val
odir_181,train
odir_182,train
odir_183,train
odir_184,train
odir_185,train
odir_186,train
odir_187,val
odir_188,val
odir_189,train
odir_190,test
odir_191,train
odir_192,test
odir_193,val
odir_194,train
odir_195,train
odir_196,train
odir_197,train
odir_199,test
odir_200,val
odir_201,train
odir_202,val
odir_204,train
odir_205,train
odir_206,train
odir_207,train
odir_208,train
odir_209,train
odir_210,train
odir_211,test
odir_212,train
odir_213,train
odir_214,train
odir_215,train
odir_216,train
odir_217,train
odir_218,train
odir_219,train
odir_221,train
odir_222,train
odir_223,val
odir_224,train
odir_225,train
odir_226,val
odir_227,test
odir_228,test
odir_229,train
odir_230,train
odir_231,train
odir_232,train
odir_233,train
odir_234,val
odir_235,train
odir_236,test
odir_237,train
odir_238,train
odir_239,train
odir_240,test
odir_241,val
odir_242,val
odir_243,val
odir_244,train
odir_245,val
odir_246,train
odir_247,train
odir_249,test
odir_250,train
odir_251,test
odir_252,train
odir_253,train
odir_254,train
odir_255,train
odir_256,test
odir_257,train
odir_258,train
odir_259,train
odir_260,val
odir_261,train
odir_262,train
odir_263,train
odir_264,train
odir_265,train
odir_266,val
odir_267,train
odir_268,train
odir_269,test
odir_270,test
odir_271,train
odir_272,test
odir_273,test
odir_274,val
odir_275,train
odir_276,train
odir_277,test
odir_278,train
odir_279,train
odir_280,train
odir_281,train
odir_282,train
odir_283,train
odir_284,train
odir_285,train
odir_286,train
odir_287,train
odir_288,test
odir_289,train
odir_290,train
odir_291,train
odir_292,train
odir_293,train
odir_294,train
odir_295,val
odir_296,val
odir_297,val
odir_298,train
odir_299,train
odir_300,train
odir_301,test
odir_302,train
odir_303,test
odir_304,val
odir_305,train
odir_306,train
odir_307,test
odir_308,val
odir_309,train
odir_310,train
odir_311,train
odir_312,test
odir_313,train
odir_314,train
odir_315,test
odir_316,train
odir_317,train
odir_318,train
odir_319,test
odir_320,train
odir_321,train
odir_323,train
odir_324,test
odir_325,test
odir_326,val
odir_327,test
odir_328,train
odir_329,val
odir_330,test
odir_332,train
odir_333,train
odir_334,val
odir_335,test
odir_336,train
odir_337,train
odir_338,train
odir_339,train
odir_340,val
odir_341,train
odir_342,train
odir_343,train
odir_344,train
odir_345,train
odir_346,train
odir_347,train
odir_348,train
odir_349,train
odir_350,train
odir_351,train
odir_352,train
odir_353,test
odir_354,train
odir_355,train
odir_356,val
odir_357,train
odir_358,train
odir_359,train
odir_360,train
odir_361,train
odir_362,test
odir_363,train
odir_364,train
odir_365,test
odir_366,train
odir_367,train
odir_368,test
odir_370,train
odir_371,val
odir_373,train
odir_374,test
odir_376,train
odir_377,train
odir_378,train
odir_379,train
odir_380,train
odir_381,train
odir_382,test
odir_383,train
odir_384,train
odir_385,test
odir_386,test
odir_388,train
odir_389,train
odir_390,test
odir_391,train
odir_392,train
odir_393,train
odir_394,test
odir_395,train
odir_396,train
odir_397,train
odir_398,train
odir_399,train
odir_400,train
odir_401,train
odir_402,train
odir_403,train
odir_404,test
odir_405,train
odir_406,train
odir_407,test
odir_408,val
odir_410,train
odir_411,val
odir_412,train
odir_413,val
odir_414,train
odir_415,train
odir_416,train
odir_417,train
odir_418,train
odir_419,val
odir_420,train
odir_421,train
odir_422,val
odir_423,train
odir_424,test
odir_425,test
odir_426,train
odir_427,train
odir_428,test
odir_429,train
odir_430,train
odir_431,train
odir_432,train
odir_433,train
odir_434,test
odir_435,train
odir_436,train
odir_437,train
odir_438,val
odir_439,train
odir_440,train
odir_441,train
odir_442,val
odir_443,train
odir_444,train
odir_445,val
odir_446,train
odir_447,train
odir_448,train
odir_450,val
odir_451,train
odir_452,train
odir_454,train
odir_455,train
odir_456,train
odir_457,train
odir_458,test
odir_459,train
odir_460,test
odir_461,test
odir_462,test
odir_463,train
odir_464,train
odir_465,train
odir_466,val
odir_467,train
odir_468,train
odir_469,train
odir_470,val
odir_471,train
odir_473,train
odir_475,train
odir_476,train
odir_477,val
odir_478,val
odir_479,train
odir_480,train
odir_481,test
odir_482,train
odir_483,train
odir_484,val
odir_485,train
odir_486,train
odir_487,train
odir_488,train
odir_489,train
odir_491,val
odir_492,train
odir_493,test
odir_494,train
odir_495,train
odir_496,train
odir_497,val
odir_498,train
odir_499,test
odir_500,train
odir_501,train
odir_502,train
odir_503,train
odir_504,train
odir_506,train
odir_507,train
odir_508,train
odir_509,train
odir_510,train
odir_511,train
odir_512,train
odir_513,val
odir_514,test
odir_515,train
odir_516,val
odir_517,train
odir_518,train
odir_519,val
odir_520,train
odir_521,train
odir_522,train
odir_523,train
odir_524,test
odir_525,train
odir_526,train
odir_527,train
odir_528,train
odir_529,train
odir_530,train
odir_531,train
odir_532,train
odir_533,train
odir_534,val
odir_535,val
odir_536,train
odir_537,val
odir_538,train
odir_539,train
odir_540,test
odir_542,train
odir_543,test
odir_544,train
odir_545,train
odir_546,train
odir_547,test
odir_548,val
odir_549,train
odir_550,train
odir_551,train
odir_552,train
odir_553,train
odir_554,train
odir_555,train
odir_556,train
odir_557,train
odir_558,train
odir_559,val
odir_560,val
odir_561,train
odir_562,train
odir_563,train
odir_564,val
odir_565,train
odir_566,train
odir_567,train
odir_569,train
odir_570,train
odir_571,train
odir_572,train
odir_573,train
odir_574,train
odir_575,train
odir_576,test
odir_578,train
odir_579,test
odir_580,train
odir_582,train
odir_583,test
odir_584,train
odir_585,test
odir_587,train
odir_588,val
odir_589,val
odir_590,test
odir_591,train
odir_592,train
odir_593,train
odir_594,train
odir_595,train
odir_596,train
odir_597,train
odir_598,train
odir_599,train
odir_600,train
odir_601,train
odir_603,test
odir_605,train
odir_606,train
odir_607,train
odir_608,train
odir_609,train
odir_610,train
odir_611,train
odir_692,train
odir_696,train
odir_701,test
odir_702,train
odir_703,train
odir_704,val
odir_705,train
odir_707,train
odir_708,val
odir_709,train
odir_710,train
odir_711,val
odir_712,train
odir_713,val
odir_714,val
odir_715,train
odir_716,test
odir_717,train
odir_718,test
odir_719,test
odir_720,train
odir_721,train
odir_722,train
odir_723,val
odir_724,train
odir_725,val
odir_726,val
odir_727,train
odir_728,val
odir_730,train
odir_731,val
odir_732,train
odir_733,train
odir_734,train
odir_735,train
odir_736,train
odir_737,train
odir_738,train
odir_739,train
odir_740,train
odir_741,val
odir_742,train
odir_743,val
odir_744,train
odir_745,train
odir_746,val
odir_747,train
odir_748,train
odir_749,train
odir_750,val
odir_751,val
odir_752,val
odir_753,train
odir_754,test
odir_755,val
odir_756,train
odir_757,train
odir_758,val
odir_759,train
odir_760,test
odir_761,train
odir_762,train
odir_763,train
odir_764,test
odir_765,train
odir_766,test
odir_767,train
odir_768,train
odir_769,train
odir_770,test
odir_771,train
odir_772,test
odir_773,val
odir_774,train
odir_775,test
odir_776,test
odir_777,train
odir_778,train
odir_779,train
odir_780,train
odir_781,train
odir_782,train
odir_783,val
odir_784,test
odir_785,val
odir_786,val
odir_787,train
odir_788,val
odir_789,train
odir_790,train
odir_791,train
odir_792,train
odir_794,train
odir_795,train
odir_796,train
odir_798,val
odir_799,train
odir_800,train
odir_801,train
odir_802,train
odir_803,test
odir_804,train
odir_805,train
odir_806,train
odir_807,test
odir_808,val
odir_809,train
odir_810,train
odir_812,train
odir_813,val
odir_814,val
odir_815,val
odir_816,train
odir_817,test
odir_818,train
odir_819,train
odir_820,train
odir_821,train
odir_822,train
odir_824,train
odir_825,train
odir_826,train
odir_827,train
odir_828,train
odir_829,test
odir_830,train
odir_831,val
odir_832,val
odir_834,val
odir_835,test
odir_836,train
odir_837,train
odir_838,train
odir_839,train
odir_840,train
odir_841,train
odir_842,train
odir_844,train
odir_845,val
odir_846,train
odir_847,test
odir_848,test
odir_849,train
odir_850,train
odir_852,train
odir_853,val
odir_854,train
odir_855,train
odir_856,train
odir_857,train
odir_858,test
odir_859,train
odir_860,train
odir_861,test
odir_862,train
odir_864,train
odir_865,val
odir_866,train
odir_867,train
odir_868,train
odir_869,train
odir_870,train
odir_871,train
odir_872,test
odir_873,train
odir_874,train
odir_875,test
odir_876,train
odir_877,train
odir_878,test
odir_879,test
odir_880,train
odir_881,val
odir_883,train
odir_884,train
odir_885,train
odir_886,train
odir_887,train
odir_888,train
odir_889,test
odir_890,train
odir_891,train
odir_892,val
odir_893,train
odir_894,train
odir_895,train
odir_896,train
odir_897,train
odir_898,train
odir_899,val
odir_900,train
odir_901,train
odir_902,test
odir_903,train
odir_904,test
odir_905,train
odir_906,train
odir_907,test
odir_908,train
odir_909,val
odir_910,val
odir_911,train
odir_912,train
odir_913,test
odir_914,train
odir_915,train
odir_916,train
odir_917,train
odir_918,test
odir_919,train
odir_920,train
odir_921,val
odir_922,train
odir_923,val
odir_924,train
odir_925,train
odir_926,train
odir_927,train
odir_928,train
odir_929,test
odir_930,test
odir_931,train
odir_932,val
odir_933,val
odir_934,train
odir_938,train
odir_939,val
odir_940,train
odir_941,train
odir_942,train
odir_943,train
odir_944,train
odir_945,train
odir_946,train
odir_947,test
odir_948,train
odir_949,train
odir_950,train
odir_951,train
odir_952,train
odir_953,val
odir_954,train
odir_955,val
odir_956,train
odir_957,train
odir_958,val
odir_959,val
odir_960,train
odir_961,train
odir_962,train
odir_963,train
odir_964,test
odir_965,train
odir_966,val
odir_968,val
odir_969,train
odir_970,train
odir_971,train
odir_972,train
odir_973,train
odir_974,train
odir_975,train
odir_976,train
odir_977,train
odir_978,train
odir_979,train
odir_980,train
odir_981,train
odir_982,train
odir_983,train
odir_984,val
odir_986,train
odir_987,val
odir_990,train
odir_991,train
odir_992,train
odir_993,test
odir_994,val
odir_996,train
odir_997,test
odir_998,train
odir_999,train
odir_1006,val
odir_1008,train
odir_1010,train
odir_1011,train
odir_1012,train
odir_1013,train
odir_1014,train
odir_1015,train
odir_1016,train
odir_1018,train
odir_1019,train
odir_1020,train
odir_1021,test
odir_1022,train
odir_1023,train
odir_1024,train
odir_1028,test
odir_1031,train
odir_1032,train
odir_1033,train
odir_1034,train
odir_1035,val
odir_1038,train
odir_1039,train
odir_1040,train
odir_1041,test
odir_1043,train
odir_1045,train
odir_1046,train
odir_1048,val
odir_1050,train
odir_1052,val
odir_1053,val
odir_1054,val
odir_1056,train
odir_1058,train
odir_1059,train
odir_1060,test
odir_1061,train
odir_1062,train
odir_1064,test
odir_1065,test
odir_1066,test
odir_1068,test
odir_1071,train
odir_1072,train
odir_1074,train
odir_1075,test
odir_1077,train
odir_1079,train
odir_1080,train
odir_1081,train
odir_1082,train
odir_1083,train
odir_1084,val
odir_1085,train
odir_1086,test
odir_1089,train
odir_1090,train
odir_1091,train
odir_1092,train
odir_1093,train
odir_1094,train
odir_1095,train
odir_1096,train
odir_1097,train
odir_1098,test
odir_1099,train
odir_1102,train
odir_1103,val
odir_1104,test
odir_1106,train
odir_1109,train
odir_1111,train
odir_1113,val
odir_1114,val
odir_1115,val
odir_1116,train
odir_1117,train
odir_1118,train
odir_1119,test
odir_1120,train
odir_1121,train
odir_1122,test
odir_1123,test
odir_1124,train
odir_1125,train
odir_1126,train
odir_1127,train
odir_1129,train
odir_1130,train
odir_1132,test
odir_1133,val
odir_1136,train
odir_1137,train
odir_1138,train
odir_1142,train
odir_1143,train
odir_1144,test
odir_1145,train
odir_1146,train
odir_1147,val
odir_1148,train
odir_1150,train
odir_1151,test
odir_1152,train
odir_1153,train
odir_1154,train
odir_1156,test
odir_1157,train
odir_1160,val
odir_1162,train
odir_1164,train
odir_1165,train
odir_1166,train
odir_1167,train
odir_1168,train
odir_1169,train
odir_1170,train
odir_1171,val
odir_1172,train
odir_1173,train
odir_1174,train
odir_1176,train
odir_1177,test
odir_1186,train
odir_1191,val
odir_1195,test
odir_1196,train
odir_1197,train
odir_1198,train
odir_1200,train
odir_1202,train
odir_1205,train
odir_1206,train
odir_1207,val
odir_1209,test
odir_1210,train
odir_1211,val
odir_1212,train
odir_1213,train
odir_1214,train
odir_1215,train
odir_1216,train
odir_1217,train
odir_1218,train
odir_1219,val
odir_1220,train
odir_1221,test
odir_1222,val
odir_1225,train
odir_1226,test
odir_1227,train
odir_1228,train
odir_1229,train
odir_1230,train
odir_1231,train
odir_1232,train
odir_1234,train
odir_1237,train
odir_1238,train
odir_1239,test
odir_1240,train
odir_1241,train
odir_1242,train
odir_1243,train
odir_1245,test
odir_1246,train
odir_1247,val
odir_1248,train
odir_1250,train
odir_1251,train
odir_1253,test
odir_1254,train
odir_1255,test
odir_1256,train
odir_1258,train
odir_1259,train
odir_1260,train
odir_1261,test
odir_1262,train
odir_1263,train
odir_1264,val
odir_1265,train
odir_1266,train
odir_1267,train
odir_1268,test
odir_1269,test
odir_1270,train
odir_1271,val
odir_1272,train
odir_1273,train
odir_1274,test
odir_1276,test
odir_1277,train
odir_1279,train
odir_1280,train
odir_1281,train
odir_1282,test
odir_1284,train
odir_1285,train
odir_1286,train
odir_1287,val
odir_1288,train
odir_1289,train
odir_1290,train
odir_1291,train
odir_1294,train
odir_1295,val
odir_1296,train
odir_1297,train
odir_1299,train
odir_1301,train
odir_1302,train
odir_1303,train
odir_1304,train
odir_1306,train
odir_1307,train
odir_1308,train
odir_1309,train
odir_1310,train
odir_1311,train
odir_1314,train
odir_1318,train
odir_1319,train
odir_1325,train
odir_1327,val
odir_1330,train
odir_1334,train
odir_1344,train
odir_1345,train
odir_1349,train
odir_1351,train
odir_1352,train
odir_1353,test
odir_1362,train
odir_1364,train
odir_1365,train
odir_1369,test
odir_1371,train
odir_1373,train
odir_1374,test
odir_1377,train
odir_1378,train
odir_1383,val
odir_1386,train
odir_1388,train
odir_1389,val
odir_1392,train
odir_1393,train
odir_1396,train
odir_1397,test
odir_1402,train
odir_1404,train
odir_1405,val
odir_1406,train
odir_1408,val
odir_1409,test
odir_1410,train
odir_1411,train
odir_1412,train
odir_1413,train
odir_1414,train
odir_1415,train
odir_1416,val
odir_1417,test
odir_1418,train
odir_1419,train
odir_1420,train
odir_1421,train
odir_1423,train
odir_1424,train
odir_1425,train
odir_1426,train
odir_1427,train
odir_1428,train
odir_1429,train
odir_1431,val
odir_1433,train
odir_1434,train
odir_1435,train
odir_1436,train
odir_1439,train
odir_1440,train
odir_1441,train
odir_1442,train
odir_1443,test
odir_1444,train
odir_1447,train
odir_1450,test
odir_1452,val
odir_1453,test
odir_1454,val
odir_1456,train
odir_1458,train
odir_1460,val
odir_1462,train
odir_1465,val
odir_1468,train
odir_1469,test
odir_1470,train
odir_1471,val
odir_1473,train
odir_1474,train
odir_1475,val
odir_1476,test
odir_1477,train
odir_1478,test
odir_1479,train
odir_1480,train
odir_1482,train
odir_1483,train
odir_1484,train
odir_1485,train
odir_1486,train
odir_1487,train
odir_1488,train
odir_1489,train
odir_1490,train
odir_1491,val
odir_1492,val
odir_1493,val
odir_1494,train
odir_1495,train
odir_1496,train
odir_1497,val
odir_1498,train
odir_1503,train
odir_1507,train
odir_1510,val
odir_1513,train
odir_1514,test
odir_1515,val
odir_1516,train
odir_1519,train
odir_1520,train
odir_1523,test
odir_1526,test
odir_1527,train
odir_1528,train
odir_1529,train
odir_1530,train
odir_1531,val
odir_1532,train
odir_1533,train
odir_1534,val
odir_1535,val
odir_1536,train
odir_1537,train
odir_1538,val
odir_1539,train
odir_1540,test
odir_1541,train
odir_1543,train
odir_1544,test
odir_1545,train
odir_1546,test
odir_1547,train
odir_1548,train
odir_1549,train
odir_1550,test
odir_1551,train
odir_1552,test
odir_1553,train
odir_1554,val
odir_1555,train
odir_1556,train
odir_1557,train
odir_1558,train
odir_1559,test
odir_1560,train
odir_1561,val
odir_1562,train
odir_1563,train
odir_1564,test
odir_1565,train
odir_1566,test
odir_1567,train
odir_1568,train
odir_1569,train
odir_1570,train
odir_1571,val
odir_1572,train
odir_1573,test
odir_1574,train
odir_1576,val
odir_1578,train
odir_1579,train
odir_1580,train
odir_1581,train
odir_1583,train
odir_1584,train
odir_1585,test
odir_1586,train
odir_1588,train
odir_1589,val
odir_1590,train
odir_1591,train
odir_1593,train
odir_1594,test
odir_1595,train
odir_1597,train
odir_1598,test
odir_1599,test
odir_1600,train
odir_1601,test
odir_1602,train
odir_1603,train
odir_1605,train
odir_1606,train
odir_1607,train
odir_1609,train
odir_1610,train
odir_1611,train
odir_1612,train
odir_1613,test
odir_1614,val
odir_1615,train
odir_1616,train
odir_1617,val
odir_1618,val
odir_1619,val
odir_1620,train
odir_1621,val
odir_1623,train
odir_1624,test
odir_1626,train
odir_1628,train
odir_1629,train
odir_1630,test
odir_1638,train
odir_1640,train
odir_1642,train
odir_1643,train
odir_1644,test
odir_1647,train
odir_1652,train
odir_1657,test
odir_1659,val
odir_1662,train
odir_1663,train
odir_1664,train
odir_1666,val
odir_1673,train
odir_1674,val
odir_1677,val
odir_1681,test
odir_1683,train
odir_1686,train
odir_1694,val
odir_1706,train
odir_1710,train
odir_1716,train
odir_1718,train
odir_1731,train
odir_1799,train
odir_1801,test
odir_1817,train
odir_1819,train
odir_1820,train
odir_1829,test
odir_1830,test
odir_1831,train
odir_1833,test
odir_1834,train
odir_1835,train
odir_1836,train
odir_1837,train
odir_1838,train
odir_1840,train
odir_1841,train
odir_1843,train
odir_1844,train
odir_1845,train
odir_1846,train
odir_1847,train
odir_1850,val
odir_1853,val
odir_1854,val
odir_1856,train
odir_1857,test
odir_1859,train
odir_1862,train
odir_1865,val
odir_1867,train
odir_1868,train
odir_1869,train
odir_1872,train
odir_1873,train
odir_1874,train
odir_1876,train
odir_1877,train
odir_1878,train
odir_1879,train
odir_1880,test
odir_1881,train
odir_1884,val
odir_1885,train
odir_1886,train
odir_1889,train
odir_1890,val
odir_1891,train
odir_1892,train
odir_1893,train
odir_1919,train
odir_1942,train
odir_1959,train
odir_1963,val
odir_1964,train
odir_1965,train
odir_1967,train
odir_1968,train
odir_1970,val
odir_1971,train
odir_1975,test
odir_1977,test
odir_1985,train
odir_1986,train
odir_1987,val
odir_1989,train
odir_1990,train
odir_1994,train
odir_1999,train
odir_2004,test
odir_2006,val
odir_2010,train
odir_2020,train
odir_2030,val
odir_2032,train
odir_2034,train
odir_2041,train
odir_2048,test
odir_2052,train
odir_2053,train
odir_2063,train
odir_2064,train
odir_2065,train
odir_2066,train
odir_2070,train
odir_2074,train
odir_2078,val
odir_2095,train
odir_2096,train
odir_2097,train
odir_2098,train
odir_2099,train
odir_2100,val
odir_2101,train
odir_2102,train
odir_2103,train
odir_2104,train
odir_2105,test
odir_2106,train
odir_2107,train
odir_2108,train
odir_2109,train
odir_2110,train
odir_2111,test
odir_2112,test
odir_2113,train
odir_2114,train
odir_2115,train
odir_2116,test
odir_2117,val
odir_2118,train
odir_2119,train
odir_2120,train
odir_2121,val
odir_2122,val
odir_2123,val
odir_2124,val
odir_2125,train
odir_2126,train
odir_2127,test
odir_2128,train
odir_2129,train
odir_2130,val
odir_2132,train
odir_2133,train
odir_2134,train
odir_2135,train
odir_2136,test
odir_2137,train
odir_2138,train
odir_2139,train
odir_2140,train
odir_2141,train
odir_2142,train
odir_2143,train
odir_2144,val
odir_2145,train
odir_2146,train
odir_2147,test
odir_2149,train
odir_2150,train
odir_2151,train
odir_2152,train
odir_2153,train
odir_2154,train
odir_2155,test
odir_2156,train
odir_2157,train
odir_2158,train
odir_2159,train
odir_2160,train
odir_2161,train
odir_2162,train
odir_2163,train
odir_2164,test
odir_2165,test
odir_2166,train
odir_2167,train
odir_2168,val
odir_2169,test
odir_2170,train
odir_2171,train
odir_2172,train
odir_2173,train
odir_2174,train
odir_2175,test
odir_2176,val
odir_2177,train
odir_2178,test
odir_2179,train
odir_2180,train
odir_2181,test
odir_2182,train
odir_2183,test
odir_2184,test
odir_2185,test
odir_2187,val
odir_2189,train
odir_2190,val
odir_2191,train
odir_2192,val
odir_2193,train
odir_2194,train
odir_2195,train
odir_2196,test
odir_2197,train
odir_2198,train
odir_2199,train
odir_2200,test
odir_2201,train
odir_2203,train
odir_2204,train
odir_2205,train
odir_2206,train
odir_2207,train
odir_2208,train
odir_2209,test
odir_2210,train
odir_2211,train
odir_2212,test
odir_2213,test
odir_2215,val
odir_2216,train
odir_2217,val
odir_2218,train
odir_2219,train
odir_2220,train
odir_2221,train
odir_2222,train
odir_2223,train
odir_2225,train
odir_2226,val
odir_2227,train
odir_2228,train
odir_2229,train
odir_2231,test
odir_2232,train
odir_2233,test
odir_2234,train
odir_2235,train
odir_2236,train
odir_2237,test
odir_2239,val
odir_2240,train
odir_2241,train
odir_2242,test
odir_2243,train
odir_2244,train
odir_2246,train
odir_2247,train
odir_2248,train
odir_2251,train
odir_2262,train
odir_2282,train
odir_2329,train
odir_2330,train
odir_2331,train
odir_2332,train
odir_2333,train
odir_2334,train
odir_2335,test
odir_2336,train
odir_2337,test
odir_2338,train
odir_2339,train
odir_2340,train
odir_2341,train
odir_2342,train
odir_2343,train
odir_2345,train
odir_2346,train
odir_2347,train
odir_2348,train
odir_2349,train
odir_2350,test
odir_2351,train
odir_2352,train
odir_2353,train
odir_2354,train
odir_2355,train
odir_2356,test
odir_2357,train
odir_2359,val
odir_2360,train
odir_2361,test
odir_2362,train
odir_2363,test
odir_2364,train
odir_2365,train
odir_2366,train
odir_2367,test
odir_2368,val
odir_2369,val
odir_2370,val
odir_2371,test
odir_2372,val
odir_2373,train
odir_2374,train
odir_2375,train
odir_2376,train
odir_2377,train
odir_2378,train
odir_2379,train
odir_2380,train
odir_2381,train
odir_2382,train
odir_2383,test
odir_2384,train
odir_2385,train
odir_2386,test
odir_2387,test
odir_2388,train
odir_2389,train
odir_2390,test
odir_2391,test
odir_2392,train
odir_2393,train
odir_2394,train
odir_2395,train
odir_2396,val
odir_2397,train
odir_2398,train
odir_2399,train
odir_2400,train
odir_2401,train
odir_2402,train
odir_2403,test
odir_2404,test
odir_2405,train
odir_2406,train
odir_2407,train
odir_2408,train
odir_2409,test
odir_2410,val
odir_2411,train
odir_2412,test
odir_2413,test
odir_2414,train
odir_2415,train
odir_2416,train
odir_2417,train
odir_2418,train
odir_2419,val
odir_2420,val
odir_2421,test
odir_2422,val
odir_2423,train
odir_2424,train
odir_2425,train
odir_2426,test
odir_2427,train
odir_2428,train
odir_2429,val
odir_2430,train
odir_2431,train
odir_2432,train
odir_2433,train
odir_2434,train
odir_2435,train
odir_2436,test
odir_2437,train
odir_2438,train
odir_2439,train
odir_2440,train
odir_2441,train
odir_2442,train
odir_2443,train
odir_2444,train
odir_2445,train
odir_2446,val
odir_2447,train
odir_2448,val
odir_2449,train
odir_2451,train
odir_2452,train
odir_2454,train
odir_2456,train
odir_2457,train
odir_2458,train
odir_2459,train
odir_2460,test
odir_2461,train
odir_2462,train
odir_2463,train
odir_2465,train
odir_2466,train
odir_2467,train
odir_2469,train
odir_2470,train
odir_2471,train
odir_2472,val
odir_2473,train
odir_2474,train
odir_2475,test
odir_2476,train
odir_2477,train
odir_2478,train
odir_2479,train
odir_2480,test
odir_2481,train
odir_2482,test
odir_2483,train
odir_2484,test
odir_2485,val
odir_2486,train
odir_2487,val
odir_2488,val
odir_2489,train
odir_2490,val
odir_2492,train
odir_2493,train
odir_2495,val
odir_2496,train
odir_2497,train
odir_2498,train
odir_2499,train
odir_2500,train
odir_2501,train
odir_2502,train
odir_2503,train
odir_2504,train
odir_2505,train
odir_2506,train
odir_2507,train
odir_2508,train
odir_2509,test
odir_2510,train
odir_2511,train
odir_2512,train
odir_2513,train
odir_2514,train
odir_2515,train
odir_2516,val
odir_2517,train
odir_2518,test
odir_2519,val
odir_2520,val
odir_2521,test
odir_2522,test
odir_2523,train
odir_2524,test
odir_2525,train
odir_2526,train
odir_2527,train
odir_2528,test
odir_2529,train
odir_2530,train
odir_2531,val
odir_2532,val
odir_2533,test
odir_2534,train
odir_2535,train
odir_2537,train
odir_2538,val
odir_2539,train
odir_2540,test
odir_2541,test
odir_2542,train
odir_2543,test
odir_2544,val
odir_2545,train
odir_2546,train
odir_2547,train
odir_2548,train
odir_2549,val
odir_2551,train
odir_2552,train
odir_2553,test
odir_2554,test
odir_2555,train
odir_2556,test
odir_2557,train
odir_2558,train
odir_2559,train
odir_2560,train
odir_2561,train
odir_2562,train
odir_2563,val
odir_2564,val
odir_2565,train
odir_2566,train
odir_2567,test
odir_2568,train
odir_2569,train
odir_2570,train
odir_2571,train
odir_2572,train
odir_2573,train
odir_2574,train
odir_2575,test
odir_2576,val
odir_2577,train
odir_2579,train
odir_2580,val
odir_2581,train
odir_2583,train
odir_2584,test
odir_2585,train
odir_2586,val
odir_2587,train
odir_2588,train
odir_2589,test
odir_2590,test
odir_2591,test
odir_2592,train
odir_2593,val
odir_2594,train
odir_2595,train
odir_2596,train
odir_2597,train
odir_2598,train
odir_2599,train
odir_2600,test
odir_2601,train
odir_2602,train
odir_2603,train
odir_2604,train
odir_2605,train
odir_2608,train
odir_2609,test
odir_2610,train
odir_2611,val
odir_2612,train
odir_2613,train
odir_2614,test
odir_2615,test
odir_2616,train
odir_2617,train
odir_2618,val
odir_2619,train
odir_2621,val
odir_2622,train
odir_2623,val
odir_2624,train
odir_2625,train
odir_2626,train
odir_2627,train
odir_2628,train
odir_2629,train
odir_2630,train
odir_2631,train
odir_2632,train
odir_2633,val
odir_2634,val
odir_2635,val
odir_2636,train
odir_2637,val
odir_2638,train
odir_2639,train
odir_2640,train
odir_2641,train
odir_2642,train
odir_2643,train
odir_2644,val
odir_2645,train
odir_2646,train
odir_2647,train
odir_2649,train
odir_2650,val
odir_2651,val
odir_2652,train
odir_2653,train
odir_2654,train
odir_2655,val
odir_2657,train
odir_2658,val
odir_2659,train
odir_2660,train
odir_2661,train
odir_2662,train
odir_2663,test
odir_2664,val
odir_2665,train
odir_2666,train
odir_2667,train
odir_2668,train
odir_2669,val
odir_2670,train
odir_2671,val
odir_2672,train
odir_2673,train
odir_2675,train
odir_2676,train
odir_2677,val
odir_2678,test
odir_2679,train
odir_2680,train
odir_2681,test
odir_2682,val
odir_2683,train
odir_2684,train
odir_2685,train
odir_2687,val
odir_2688,train
odir_2689,train
odir_2690,train
odir_2691,val
odir_2692,train
odir_2693,train
odir_2695,test
odir_2696,train
odir_2697,train
odir_2698,train
odir_2699,val
odir_2701,test
odir_2702,train
odir_2703,train
odir_2704,val
odir_2705,train
odir_2706,test
odir_2707,train
odir_2708,train
odir_2709,train
odir_2710,train
odir_2711,train
odir_2712,test
odir_2713,test
odir_2714,test
odir_2715,train
odir_2716,val
odir_2717,val
odir_2718,train
odir_2719,train
odir_2720,val
odir_2721,test
odir_2722,train
odir_2723,train
odir_2724,train
odir_2725,test
odir_2726,train
odir_2727,val
odir_2728,test
odir_2729,train
odir_2730,test
odir_2731,val
odir_2732,train
odir_2733,val
odir_2735,train
odir_2736,train
odir_2737,train
odir_2738,test
odir_2739,test
odir_2740,test
odir_2742,train
odir_2743,train
odir_2744,train
odir_2745,train
odir_2746,val
odir_2747,train
odir_2748,train
odir_2749,train
odir_2750,test
odir_2751,train
odir_2752,train
odir_2753,train
odir_2754,train
odir_2755,train
odir_2756,test
odir_2757,train
odir_2758,train
odir_2760,train
odir_2761,train
odir_2762,train
odir_2763,train
odir_2764,train
odir_2765,train
odir_2766,train
odir_2767,train
odir_2768,train
odir_2769,train
odir_2770,train
odir_2771,train
odir_2772,test
odir_2773,val
odir_2774,train
odir_2775,train
odir_2776,train
odir_2777,train
odir_2778,train
odir_2779,train
odir_2780,train
odir_2781,train
odir_2782,train
odir_2783,train
odir_2784,train
odir_2785,train
odir_2786,train
odir_2787,train
odir_2788,train
odir_2789,val
odir_2790,test
odir_2791,train
odir_2792,train
odir_2793,test
odir_2794,train
odir_2795,test
odir_2796,val
odir_2797,train
odir_2798,train
odir_2799,train
odir_2800,test
odir_2801,val
odir_2802,train
odir_2803,train
odir_2804,train
odir_2805,val
odir_2806,test
odir_2807,test
odir_2808,test
odir_2809,train
odir_2810,test
odir_2811,train
odir_2812,train
odir_2813,train
odir_2814,train
odir_2815,train
odir_2816,train
odir_2817,train
odir_2818,val
odir_2819,train
odir_2820,train
odir_2821,test
odir_2822,train
odir_2823,train
odir_2824,train
odir_2825,test
odir_2826,train
odir_2827,test
odir_2828,train
odir_2829,val
odir_2830,test
odir_2831,train
odir_2832,train
odir_2833,train
odir_2834,train
odir_2835,test
odir_2836,train
odir_2837,test
odir_2838,train
odir_2839,train
odir_2841,test
odir_2842,train
odir_2843,train
odir_2844,val
odir_2845,train
odir_2846,train
odir_2847,test
odir_2848,train
odir_2849,val
odir_2850,train
odir_2851,train
odir_2852,train
odir_2853,train
odir_2854,train
odir_2855,val
odir_2856,train
odir_2857,train
odir_2858,train
odir_2859,train
odir_2860,train
odir_2861,train
odir_2862,train
odir_2864,val
odir_2865,train
odir_2866,val
odir_2867,val
odir_2868,train
odir_2869,val
odir_2871,train
odir_2872,train
odir_2873,val
odir_2874,train
odir_2876,train
odir_2877,train
odir_2878,train
odir_2879,train
odir_2880,train
odir_2881,train
odir_2882,train
odir_2883,train
odir_2884,train
odir_2885,train
odir_2886,train
odir_2887,train
odir_2888,test
odir_2889,train
odir_2890,train
odir_2892,test
odir_2893,train
odir_2895,train
odir_2896,train
odir_2897,train
odir_2898,train
odir_2899,train
odir_2900,train
odir_2901,train
odir_2902,train
odir_2903,train
odir_2904,train
odir_2905,train
odir_2906,test
odir_2907,train
odir_2908,train
odir_2909,train
odir_2910,train
odir_2911,train
odir_2912,train
odir_2913,train
odir_2914,train
odir_2915,train
odir_2916,train
odir_2917,val
odir_2918,train
odir_2919,test
odir_2920,train
odir_2921,train
odir_2923,train
odir_2924,test
odir_2925,train
odir_2926,train
odir_2927,val
odir_2929,test
odir_2930,train
odir_2931,train
odir_2932,train
odir_2933,train
odir_2934,train
odir_2935,train
odir_2936,test
odir_2937,val
odir_2938,train
odir_2939,val
odir_2940,train
odir_2941,test
odir_2942,train
odir_2943,train
odir_2944,test
odir_2945,train
odir_2946,train
odir_2948,train
odir_2949,train
odir_2950,train
odir_2951,train
odir_2952,train
odir_2953,train
odir_2954,train
odir_2955,train
odir_2956,val
odir_2957,train
odir_2958,train
odir_2959,test
odir_2960,train
odir_2961,val
odir_2962,train
odir_2963,train
odir_2964,train
odir_2965,train
odir_2966,test
odir_2967,train
odir_2968,train
odir_2969,train
odir_2970,train
odir_2971,train
odir_2972,train
odir_2973,train
odir_2974,train
odir_2975,val
odir_2976,train
odir_2977,train
odir_2978,train
odir_2979,train
odir_2980,val
odir_2981,train
odir_2982,train
odir_2983,train
odir_2984,test
odir_2985,val
odir_2986,train
odir_2987,test
odir_2988,test
odir_2989,train
odir_2990,train
odir_2991,train
odir_2992,train
odir_2993,train
odir_2994,val
odir_2995,train
odir_2996,train
odir_2997,test
odir_2998,train
odir_2999,train
odir_3000,train
odir_3001,train
odir_3002,train
odir_3003,test
odir_3004,val
odir_3005,train
odir_3007,train
odir_3008,train
odir_3009,val
odir_3010,test
odir_3011,val
odir_3012,train
odir_3013,train
odir_3014,train
odir_3015,train
odir_3016,train
odir_3017,train
odir_3018,val
odir_3019,train
odir_3020,val
odir_3021,train
odir_3023,train
odir_3025,val
odir_3026,val
odir_3027,val
odir_3028,test
odir_3029,test
odir_3030,test
odir_3033,train
odir_3034,val
odir_3035,train
odir_3036,test
odir_3037,train
odir_3038,train
odir_3039,test
odir_3040,train
odir_3041,train
odir_3042,train
odir_3043,train
odir_3044,val
odir_3045,test
odir_3046,train
odir_3047,test
odir_3048,train
odir_3049,train
odir_3050,train
odir_3051,train
odir_3052,train
odir_3054,train
odir_3056,val
odir_3057,val
odir_3058,train
odir_3059,train
odir_3061,train
odir_3062,train
odir_3063,test
odir_3064,train
odir_3065,train
odir_3066,train
odir_3067,val
odir_3068,train
odir_3069,train
odir_3070,train
odir_3071,train
odir_3072,train
odir_3073,train
odir_3074,test
odir_3075,val
odir_3076,train
odir_3077,train
odir_3078,train
odir_3079,train
odir_3080,train
odir_3081,test
odir_3082,val
odir_3083,val
odir_3084,test
odir_3085,train
odir_3086,test
odir_3087,val
odir_3088,train
odir_3089,train
odir_3090,train
odir_3091,train
odir_3092,train
odir_3093,train
odir_3094,val
odir_3095,train
odir_3096,train
odir_3097,test
odir_3098,train
odir_3099,train
odir_3100,train
odir_3101,val
odir_3102,train
odir_3103,train
odir_3104,train
odir_3105,train
odir_3106,train
odir_3107,train
odir_3108,val
odir_3109,train
odir_3110,val
odir_3111,val
odir_3112,train
odir_3113,train
odir_3114,train
odir_3115,train
odir_3116,train
odir_3117,train
odir_3119,train
odir_3120,test
odir_3121,train
odir_3122,train
odir_3123,train
odir_3124,val
odir_3125,test
odir_3126,train
odir_3127,val
odir_3128,test
odir_3129,train
odir_3130,train
odir_3131,train
odir_3132,train
odir_3134,train
odir_3135,train
odir_3136,test
odir_3137,train
odir_3138,train
odir_3139,val
odir_3140,train
odir_3141,train
odir_3142,test
odir_3143,train
odir_3144,train
odir_3145,val
odir_3146,test
odir_3147,train
odir_3149,train
odir_3150,train
odir_3151,val
odir_3152,train
odir_3153,train
odir_3154,train
odir_3155,train
odir_3156,train
odir_3157,val
odir_3159,train
odir_3160,train
odir_3161,train
odir_3162,test
odir_3163,train
odir_3164,train
odir_3165,test
odir_3166,train
odir_3167,val
odir_3168,train
odir_3169,train
odir_3170,train
odir_3171,test
odir_3172,train
odir_3173,train
odir_3174,train
odir_3175,val
odir_3176,train
odir_3177,test
odir_3178,train
odir_3179,train
odir_3180,train
odir_3181,train
odir_3182,train
odir_3183,val
odir_3184,train
odir_3185,train
odir_3186,train
odir_3187,train
odir_3188,train
odir_3189,train
odir_3190,train
odir_3191,train
odir_3192,train
odir_3193,train
odir_3194,train
odir_3195,train
odir_3196,train
odir_3197,train
odir_3198,train
odir_3199,train
odir_3200,val
odir_3201,train
odir_3202,train
odir_3203,test
odir_3204,train
odir_3205,train
odir_3206,train
odir_3207,train
odir_3208,train
odir_3209,test
odir_3210,train
odir_3211,test
odir_3212,train
odir_3213,train
odir_3214,train
odir_3215,test
odir_3216,test
odir_3217,test
odir_3218,train
odir_3219,train
odir_3221,train
odir_3222,train
odir_3223,train
odir_3224,test
odir_3225,val
odir_3226,val
odir_3227,train
odir_3228,val
odir_3229,train
odir_3230,train
odir_3231,train
odir_3232,train
odir_3234,train
odir_3235,test
odir_3236,train
odir_3237,test
odir_3238,train
odir_3239,train
odir_3240,train
odir_3241,val
odir_3242,train
odir_3243,train
odir_3244,train
odir_3245,test
odir_3246,train
odir_3247,train
odir_3248,train
odir_3249,train
odir_3250,train
odir_3251,train
odir_3252,val
odir_3253,test
odir_3254,val
odir_3255,train
odir_3256,train
odir_3257,train
odir_3258,test
odir_3259,train
odir_3260,train
odir_3261,train
odir_3262,train
odir_3263,val
odir_3264,train
odir_3266,train
odir_3267,train
odir_3268,train
odir_3269,train
odir_3270,train
odir_3271,val
odir_3272,train
odir_3273,train
odir_3274,train
odir_3275,val
odir_3276,train
odir_3281,train
odir_3282,train
odir_3283,train
odir_3284,test
odir_3285,val
odir_3286,val
odir_3287,test
odir_3288,val
odir_3289,train
odir_3290,test
odir_3291,test
odir_3292,train
odir_3293,train
odir_3294,train
odir_3295,train
odir_3296,val
odir_3297,train
odir_3298,train
odir_3299,train
odir_3300,train
odir_3301,train
odir_3302,train
odir_3303,train
odir_3304,train
odir_3305,test
odir_3306,train
odir_3307,test
odir_3308,train
odir_3309,train
odir_3310,train
odir_3311,train
odir_3312,train
odir_3313,train
odir_3315,val
odir_3316,train
odir_3317,test
odir_3318,train
odir_3319,train
odir_3320,train
odir_3321,train
odir_3323,val
odir_3324,test
odir_3325,train
odir_3326,val
odir_3327,train
odir_3328,test
odir_3329,test
odir_3330,train
odir_3331,train
odir_3332,test
odir_3333,train
odir_3334,train
odir_3335,train
odir_3336,train
odir_3337,train
odir_3338,train
odir_3339,val
odir_3340,train
odir_3341,train
odir_3342,test
odir_3343,train
odir_3344,val
odir_3345,train
odir_3346,val
odir_3347,test
odir_3348,val
odir_3350,train
odir_3351,train
odir_3352,train
odir_3353,train
odir_3354,test
odir_3355,train
odir_3356,train
odir_3357,train
odir_3358,train
odir_3359,train
odir_3360,test
odir_3361,val
odir_3362,train
odir_3363,train
odir_3364,train
odir_3365,val
odir_3366,train
odir_3367,train
odir_3368,train
odir_3369,train
odir_3370,train
odir_3371,train
odir_3372,test
odir_3373,train
odir_3374,val
odir_3375,val
odir_3376,test
odir_3377,val
odir_3378,val
odir_3379,train
odir_3380,train
odir_3381,train
odir_3382,train
odir_3383,train
odir_3384,train
odir_3385,val
odir_3386,train
odir_3387,train
odir_3388,val
odir_3389,train
odir_3390,train
odir_3391,train
odir_3392,train
odir_3393,train
odir_3394,train
odir_3395,train
odir_3397,train
odir_3398,train
odir_3399,train
odir_3400,val
odir_3401,train
odir_3403,train
odir_3404,train
odir_3405,test
odir_3406,test
odir_3407,test
odir_3408,val
odir_3409,train
odir_3410,train
odir_3411,val
odir_3412,val
odir_3414,test
odir_3415,train
odir_3416,train
odir_3417,train
odir_3418,train
odir_3419,train
odir_3420,train
odir_3421,train
odir_3422,train
odir_3423,train
odir_3424,train
odir_3425,test
odir_3426,val
odir_3427,test
odir_3428,train
odir_3429,train
odir_3430,train
odir_3431,val
odir_3432,train
odir_3433,train
odir_3434,val
odir_3435,train
odir_3436,train
odir_3437,train
odir_3438,train
odir_3439,train
odir_3440,val
odir_3441,train
odir_3442,train
odir_3443,test
odir_3444,train
odir_3445,train
odir_3446,train
odir_3448,test
odir_3450,train
odir_3485,test
odir_3932,val
odir_3934,test
odir_3935,train
odir_3936,train
odir_3937,val
odir_3938,val
odir_3939,train
odir_3940,train
odir_3941,train
odir_3943,train
odir_3944,train
odir_3945,train
odir_3946,test
odir_3947,train
odir_3948,test
odir_3949,train
odir_3950,train
odir_3951,val
odir_3952,train
odir_3953,val
odir_3954,train
odir_3955,train
odir_3956,train
odir_3957,val
odir_3958,train
odir_3960,train
odir_3961,train
odir_3962,train
odir_3965,train
odir_3966,train
odir_3968,val
odir_3969,train
odir_3970,train
odir_3971,train
odir_3972,val
odir_3973,test
odir_3976,train
odir_3977,train
odir_3978,test
odir_3979,val
odir_3980,train
odir_3981,train
odir_3982,val
odir_3983,train
odir_3984,train
odir_3985,val
odir_3986,train
odir_3987,train
odir_3990,train
odir_3991,train
odir_3992,train
odir_3993,train
odir_3994,train
odir_3995,train
odir_3996,train
odir_3997,val
odir_3998,test
odir_3999,train
odir_4001,train
odir_4002,train
odir_4003,train
odir_4005,train
odir_4007,train
odir_4008,train
odir_4009,val
odir_4011,train
odir_4012,test
odir_4013,train
odir_4014,train
odir_4015,train
odir_4016,train
odir_4018,test
odir_4020,val
odir_4021,train
odir_4022,test
odir_4023,train
odir_4024,train
odir_4025,test
odir_4026,train
odir_4027,train
odir_4028,train
odir_4029,train
odir_4030,train
odir_4032,train
odir_4033,train
odir_4034,train
odir_4035,train
odir_4036,train
odir_4037,train
odir_4038,train
odir_4039,train
odir_4040,test
odir_4041,train
odir_4043,train
odir_4044,train
odir_4045,train
odir_4046,train
odir_4047,train
odir_4048,train
odir_4049,train
odir_4050,train
odir_4051,train
odir_4052,train
odir_4053,test
odir_4054,test
odir_4055,train
odir_4056,test
odir_4057,test
odir_4058,train
odir_4059,test
odir_4060,train
odir_4061,train
odir_4063,test
odir_4064,test
odir_4066,train
odir_4067,train
odir_4068,train
odir_4069,train
odir_4071,train
odir_4072,val
odir_4073,val
odir_4074,test
odir_4076,test
odir_4077,val
odir_4078,train
odir_4079,train
odir_4080,train
odir_4081,val
odir_4082,train
odir_4083,train
odir_4084,test
odir_4085,val
odir_4086,val
odir_4087,train
odir_4088,val
odir_4089,train
odir_4090,train
odir_4091,train
odir_4093,train
odir_4094,val
odir_4095,test
odir_4096,train
odir_4097,train
odir_4098,train
odir_4099,train
odir_4100,train
odir_4101,train
odir_4102,test
odir_4104,train
odir_4105,train
odir_4106,train
odir_4107,train
odir_4109,train
odir_4110,train
odir_4111,train
odir_4112,train
odir_4113,train
odir_4114,train
odir_4115,train
odir_4116,train
odir_4117,test
odir_4118,val
odir_4119,val
odir_4120,train
odir_4121,train
odir_4122,train
odir_4123,val
odir_4124,test
odir_4125,test
odir_4126,test
odir_4127,train
odir_4128,train
odir_4129,train
odir_4130,train
odir_4131,train
odir_4133,train
odir_4134,train
odir_4136,train
odir_4137,val
odir_4138,train
odir_4139,train
odir_4140,test
odir_4141,train
odir_4142,train
odir_4144,train
odir_4146,train
odir_4147,train
odir_4148,test
odir_4151,train
odir_4152,train
odir_4153,train
odir_4154,train
odir_4155,train
odir_4156,train
odir_4158,train
odir_4159,train
odir_4160,train
odir_4161,train
odir_4162,train
odir_4163,train
odir_4164,train
odir_4166,test
odir_4167,train
odir_4168,val
odir_4169,train
odir_4171,val
odir_4172,test
odir_4173,train
odir_4174,train
odir_4175,train
odir_4176,train
odir_4177,train
odir_4178,train
odir_4179,train
odir_4180,train
odir_4181,test
odir_4182,train
odir_4183,train
odir_4184,train
odir_4185,test
odir_4186,val
odir_4188,test
odir_4190,train
odir_4191,train
odir_4192,train
odir_4193,train
odir_4194,val
odir_4195,train
odir_4196,train
odir_4197,train
odir_4198,train
odir_4199,train
odir_4200,val
odir_4201,train
odir_4202,train
odir_4203,train
odir_4204,val
odir_4205,val
odir_4206,train
odir_4207,train
odir_4208,train
odir_4209,train
odir_4210,train
odir_4211,train
odir_4212,train
odir_4213,train
odir_4214,test
odir_4215,val
odir_4216,train
odir_4217,train
odir_4218,test
odir_4219,test
odir_4220,train
odir_4221,train
odir_4222,train
odir_4223,train
odir_4224,val
odir_4225,train
odir_4226,train
odir_4227,train
odir_4229,train
odir_4230,val
odir_4231,train
odir_4232,train
odir_4233,train
odir_4234,train
odir_4235,val
odir_4236,train
odir_4237,train
odir_4238,test
odir_4239,train
odir_4240,test
odir_4241,train
odir_4242,train
odir_4243,train
odir_4244,train
odir_4245,train
odir_4246,train
odir_4247,train
odir_4248,train
odir_4249,train
odir_4250,train
odir_4251,train
odir_4252,train
odir_4253,val
odir_4254,val
odir_4255,train
odir_4256,train
odir_4258,train
odir_4259,train
odir_4260,train
odir_4261,train
odir_4262,train
odir_4263,train
odir_4265,test
odir_4266,test
odir_4267,train
odir_4268,test
odir_4269,train
odir_4270,train
odir_4271,train
odir_4272,test
odir_4273,train
odir_4274,test
odir_4275,train
odir_4276,test
odir_4277,train
odir_4278,train
odir_4279,train
odir_4280,test
odir_4281,val
odir_4282,train
odir_4283,train
odir_4284,train
odir_4285,train
odir_4286,train
odir_4287,test
odir_4288,val
odir_4289,train
odir_4290,val
odir_4291,train
odir_4292,val
odir_4293,test
odir_4294,train
odir_4295,val
odir_4296,train
odir_4297,train
odir_4298,train
odir_4299,val
odir_4300,train
odir_4301,test
odir_4302,val
odir_4303,train
odir_4304,train
odir_4305,train
odir_4306,test
odir_4307,train
odir_4308,val
odir_4309,train
odir_4310,train
odir_4311,train
odir_4312,val
odir_4313,train
odir_4314,test
odir_4315,train
odir_4316,val
odir_4317,train
odir_4318,train
odir_4319,train
odir_4320,test
odir_4321,train
odir_4322,test
odir_4323,train
odir_4324,train
odir_4325,test
odir_4326,train
odir_4327,train
odir_4328,test
odir_4329,train
odir_4330,train
odir_4331,train
odir_4332,train
odir_4333,val
odir_4334,test
odir_4335,train
odir_4336,test
odir_4337,train
odir_4338,test
odir_4339,test
odir_4340,val
odir_4341,val
odir_4342,train
odir_4343,test
odir_4344,train
odir_4345,val
odir_4347,train
odir_4348,val
odir_4349,train
odir_4350,test
odir_4351,val
odir_4352,train
odir_4353,val
odir_4354,test
odir_4355,train
odir_4356,train
odir_4357,val
odir_4358,test
odir_4359,train
odir_4360,train
odir_4361,train
odir_4362,train
odir_4365,train
odir_4367,val
odir_4368,train
odir_4369,train
odir_4371,train
odir_4372,train
odir_4373,train
odir_4374,train
odir_4375,train
odir_4377,train
odir_4379,train
odir_4380,train
odir_4381,train
odir_4383,val
odir_4384,train
odir_4385,train
odir_4386,train
odir_4387,train
odir_4388,train
odir_4389,train
odir_4391,train
odir_4392,val
odir_4393,train
odir_4394,train
odir_4395,train
odir_4396,val
odir_4397,val
odir_4398,val
odir_4399,train
odir_4400,train
odir_4401,train
odir_4402,train
odir_4403,test
odir_4404,test
odir_4406,train
odir_4407,train
odir_4408,train
odir_4409,test
odir_4410,test
odir_4411,val
odir_4412,train
odir_4413,val
odir_4414,train
odir_4415,test
odir_4417,train
odir_4418,train
odir_4419,val
odir_4420,val
odir_4421,test
odir_4422,val
odir_4424,val
odir_4425,train
odir_4426,train
odir_4427,test
odir_4428,train
odir_4429,train
odir_4430,train
odir_4431,train
odir_4432,test
odir_4433,train
odir_4436,train
odir_4437,train
odir_4438,train
odir_4439,train
odir_4440,train
odir_4441,train
odir_4442,val
odir_4443,train
odir_4444,train
odir_4445,train
odir_4447,val
odir_4448,val
odir_4449,train
odir_4450,train
odir_4451,train
odir_4452,val
odir_4453,train
odir_4455,train
odir_4456,train
odir_4458,train
odir_4459,train
odir_4460,val
odir_4461,train
odir_4462,val
odir_4464,train
odir_4465,test
odir_4466,train
odir_4467,train
odir_4468,train
odir_4469,train
odir_4470,train
odir_4471,val
odir_4472,train
odir_4473,train
odir_4474,train
odir_4475,test
odir_4476,val
odir_4477,train
odir_4478,train
odir_4479,train
odir_4480,train
odir_4481,val
odir_4484,train
odir_4486,train
odir_4487,train
odir_4488,train
odir_4489,train
odir_4491,test
odir_4492,train
odir_4493,val
odir_4494,train
odir_4495,train
odir_4496,train
odir_4497,train
odir_4498,train
odir_4499,train
odir_4500,train
odir_4502,test
odir_4504,train
odir_4506,train
odir_4507,train
odir_4508,train
odir_4509,val
odir_4511,train
odir_4512,train
odir_4513,test
odir_4515,train
odir_4516,train
odir_4519,train
odir_4520,val
odir_4522,train
odir_4523,test
odir_4524,train
odir_4525,train
odir_4527,train
odir_4528,val
odir_4529,test
odir_4530,train
odir_4531,test
odir_4532,test
odir_4533,test
odir_4534,test
odir_4535,train
odir_4536,train
odir_4538,train
odir_4539,train
odir_4540,val
odir_4541,val
odir_4542,train
odir_4543,test
odir_4544,val
odir_4545,train
odir_4546,train
odir_4547,train
odir_4548,train
odir_4549,val
odir_4550,test
odir_4551,val
odir_4552,train
odir_4553,train
odir_4555,train
odir_4556,train
odir_4557,train
odir_4558,val
odir_4559,val
odir_4560,val
odir_4561,train
odir_4562,train
odir_4563,train
odir_4564,test
odir_4565,train
odir_4566,train
odir_4567,val
odir_4568,train
odir_4570,train
odir_4571,train
odir_4572,train
odir_4573,train
odir_4574,train
odir_4575,train
odir_4576,train
odir_4577,val
odir_4578,test
odir_4579,train
odir_4580,test
odir_4581,train
odir_4582,test
odir_4583,val
odir_4584,train
odir_4585,train
odir_4586,train
odir_4587,train
odir_4588,train
odir_4589,val
odir_4590,train
odir_4591,train
odir_4592,val
odir_4593,test
odir_4594,train
odir_4595,train
odir_4596,train
odir_4597,train
odir_4599,train
odir_4601,train
odir_4602,train
odir_4603,train
odir_4604,train
odir_4605,test
odir_4607,train
odir_4608,train
odir_4609,test
odir_4610,train
odir_4611,train
odir_4612,test
odir_4613,val
odir_4614,train
odir_4615,test
odir_4616,train
odir_4617,train
odir_4618,test
odir_4619,test
odir_4620,train
odir_4621,train
odir_4622,train
odir_4623,train
odir_4624,train
odir_4625,train
odir_4626,train
odir_4627,train
odir_4628,train
odir_4629,train
odir_4630,train
odir_4631,test
odir_4632,train
odir_4633,test
odir_4634,train
odir_4635,train
odir_4636,val
odir_4637,test
odir_4638,train
odir_4639,train
odir_4640,test
odir_4641,val
odir_4642,train
odir_4643,train
odir_4644,train
odir_4645,train
odir_4647,train
odir_4650,test
odir_4651,train
odir_4653,train
odir_4655,val
odir_4657,train
odir_4658,train
odir_4659,train
odir_4660,train
odir_4664,train
odir_4669,val
odir_4670,test
odir_4671,val
odir_4672,train
odir_4673,val
odir_4675,train
odir_4676,train
odir_4677,val
odir_4678,test
odir_4679,train
odir_4682,train
odir_4683,test
odir_4686,train
odir_4688,train
odir_4689,test
odir_4690,train
odir_4784,train
