variable,group,n_images,n_patients,mae,rmse,bias,within_0.50D,within_1.00D,small_sample
Age group,40-59,36,18,0.6819045378102196,0.9069019789669879,0.1190931565231747,0.5555555555555556,0.6944444444444444,False
Age group,60+,52,26,0.8857892602682114,1.1457696809516442,-0.2603341123232475,0.36538461538461536,0.6346153846153846,False
Age group,<40,32,16,0.4605005048215389,0.6359201735603648,0.06673834100365639,0.625,0.84375,False
Sex,F,64,32,0.7585348291322589,1.0212369005385002,-0.02598648238927126,0.484375,0.640625,False
Sex,M,56,28,0.6571319997310638,0.8870837342952634,-0.09734390037400383,0.5,0.7857142857142857,False
Eye,L,60,60,0.7771032323439916,1.0330887510504227,-0.09772927463054656,0.4666666666666667,0.6666666666666666,False
Eye,R,60,60,0.6453237851460775,0.8829706345534979,-0.02084394693374634,0.5166666666666667,0.75,False
Source dataset,synthetic,120,60,0.7112135087450345,0.9609655324283825,-0.059286610782146455,0.49166666666666664,0.7083333333333334,False
Refraction band,high myopia (<= -6),11,6,1.2381699301979758,1.4690479671520946,-1.2193334752863103,0.18181818181818182,0.45454545454545453,True
Refraction band,moderate (-6..-3),17,11,0.40947482165168314,0.5086210058536579,0.3965495614444508,0.6470588235294118,0.9411764705882353,True
Refraction band,low myopia (-3..-0.5),51,29,0.5380260628812453,0.7031851252864574,0.4968172300095652,0.5686274509803921,0.7647058823529411,False
Refraction band,emmetropia (±0.5),23,15,0.45559943758923077,0.5544542199805337,0.03843147340028182,0.6086956521739131,0.9130434782608695,True
Refraction band,hyperopia (> +0.5),18,11,1.4914757543139987,1.6731381910800347,-1.4813705682754517,0.16666666666666666,0.2222222222222222,True
