epoch,train_loss,val_loss,val_macro_auc,frozen_backbone,seconds
1,1.1735692795585184,1.2068501710891724,0.6053827534193688,True,19.5
2,0.8081869938794304,0.7200668454170227,0.8915952099558061,False,46.2
3,0.41483595090753894,0.4271678328514099,0.9661044998248454,False,44.4
4,0.3335119827705271,0.31503763794898987,0.9820898051770852,False,44.0
5,0.22166365910978877,0.3317549228668213,0.9703508807369102,False,44.2
6,0.14956490651649587,0.2139027714729309,0.9879269015298427,False,43.1
7,0.1263785079559859,0.2499893754720688,0.9854935964770524,False,44.4
8,0.09296113296466715,0.1502712219953537,0.9974219255009696,False,44.3
9,0.07361783657003851,0.14182762801647186,0.9970339097177332,False,46.1
10,0.07850504096816568,0.14323720335960388,0.9967081784636932,False,45.2
