epoch,train_loss,val_loss,val_mae,frozen_backbone,seconds
1,0.3294069565394345,0.21946683526039124,1.474124767879645,True,20.7
2,0.17429766847806819,0.17718258500099182,1.3686406085888545,False,45.8
3,0.14256268695873373,0.10224565118551254,0.974675722916921,False,44.6
4,0.13229244772125692,0.1752658188343048,1.420395521322886,False,44.7
5,0.10761031946715187,0.06667108833789825,0.8018877615531286,False,44.9
6,0.09291202246266253,0.128456711769104,1.1411620313922564,False,44.9
7,0.10892276685027515,0.08141233772039413,0.8157494485378265,False,43.9
8,0.09324951710946419,0.07466771453619003,0.8595454787214597,False,44.7
9,0.07257989859756302,0.07529672980308533,0.8903930072983106,False,44.5
10,0.07546209401505835,0.0677991583943367,0.8015386685729027,False,44.4
11,0.06178458845790695,0.061665017157793045,0.7936737701296807,False,45.2
12,0.05825055500163751,0.055719468742609024,0.735211103161176,False,45.9
13,0.051074059680104256,0.06410109251737595,0.8095693980654081,False,45.0
14,0.05811133016558254,0.06495988368988037,0.8223847205440203,False,45.8
